{"cameraMode":{"drawMode":0,"name":"Shaded","section":"Shading Mode"},"sceneLighting":false,"audioPlay":false,"sceneViewState":{"m_AlwaysRefresh":false,"showFog":true,"showSkybox":true,"showFlares":true,"showImageEffects":true,"showParticleSystems":true,"showVisualEffectGraphs":true,"m_FxEnabled":true},"in2DMode":false,"pivot":{"x":6.819519996643066,"y":-1.6823463439941407,"z":3.5360240936279299},"rotation":{"x":-0.2771069407463074,"y":-0.013837876729667187,"z":0.003991825971752405,"w":-0.9607389569282532},"size":11.382760047912598,"orthographic":false}